[{"model": "token_blacklist.blacklistedtoken", "pk": 1, "fields": {"token": 2, "blacklisted_at": "2026-07-15T14:15:28.314Z"}}, {"model": "token_blacklist.blacklistedtoken", "pk": 2, "fields": {"token": 3, "blacklisted_at": "2026-07-15T20:05:33.600Z"}}, {"model": "token_blacklist.blacklistedtoken", "pk": 3, "fields": {"token": 4, "blacklisted_at": "2026-07-15T20:11:51.398Z"}}, {"model": "token_blacklist.blacklistedtoken", "pk": 4, "fields": {"token": 5, "blacklisted_at": "2026-07-15T20:12:50.825Z"}}, {"model": "token_blacklist.blacklistedtoken", "pk": 5, "fields": {"token": 6, "blacklisted_at": "2026-07-15T20:14:23.849Z"}}, {"model": "token_blacklist.blacklistedtoken", "pk": 6, "fields": {"token": 7, "blacklisted_at": "2026-07-15T20:15:00.952Z"}}, {"model": "token_blacklist.blacklistedtoken", "pk": 7, "fields": {"token": 8, "blacklisted_at": "2026-07-15T20:15:52.770Z"}}, {"model": "token_blacklist.blacklistedtoken", "pk": 8, "fields": {"token": 9, "blacklisted_at": "2026-07-15T20:30:43.553Z"}}, {"model": "token_blacklist.blacklistedtoken", "pk": 9, "fields": {"token": 10, "blacklisted_at": "2026-07-15T20:39:31.101Z"}}, {"model": "token_blacklist.blacklistedtoken", "pk": 10, "fields": {"token": 11, "blacklisted_at": "2026-07-15T21:20:53.404Z"}}, {"model": "token_blacklist.blacklistedtoken", "pk": 11, "fields": {"token": 12, "blacklisted_at": "2026-07-15T21:56:15.941Z"}}, {"model": "token_blacklist.blacklistedtoken", "pk": 12, "fields": {"token": 14, "blacklisted_at": "2026-07-15T22:05:06.114Z"}}, {"model": "token_blacklist.blacklistedtoken", "pk": 13, "fields": {"token": 15, "blacklisted_at": "2026-07-16T07:24:50.247Z"}}, {"model": "token_blacklist.blacklistedtoken", "pk": 14, "fields": {"token": 16, "blacklisted_at": "2026-07-16T12:08:45.537Z"}}, {"model": "token_blacklist.blacklistedtoken", "pk": 15, "fields": {"token": 20, "blacklisted_at": "2026-07-20T19:01:20.280Z"}}, {"model": "token_blacklist.blacklistedtoken", "pk": 16, "fields": {"token": 24, "blacklisted_at": "2026-07-20T20:13:51.257Z"}}, {"model": "token_blacklist.blacklistedtoken", "pk": 17, "fields": {"token": 25, "blacklisted_at": "2026-07-20T20:14:09.248Z"}}, {"model": "token_blacklist.blacklistedtoken", "pk": 18, "fields": {"token": 26, "blacklisted_at": "2026-07-20T20:17:05.230Z"}}, {"model": "token_blacklist.blacklistedtoken", "pk": 19, "fields": {"token": 27, "blacklisted_at": "2026-07-21T11:27:47.156Z"}}, {"model": "token_blacklist.blacklistedtoken", "pk": 20, "fields": {"token": 28, "blacklisted_at": "2026-07-21T11:30:23.919Z"}}, {"model": "token_blacklist.blacklistedtoken", "pk": 21, "fields": {"token": 29, "blacklisted_at": "2026-07-21T11:42:34.022Z"}}, {"model": "accounts.customuser", "fields": {"password": "pbkdf2_sha256$1200000$HTORn4e4hWmx5q8cXwyTpx$cNpvb7qu61Wa0lfghyKx2oLyKo8VTK4XUznZBZnEBuk=", "last_login": "2026-07-15T21:05:45.487Z", "is_superuser": true, "username": "jnolly", "first_name": "Japheth", "last_name": "Anold", "is_staff": true, "is_active": true, "email": "admin@gmail.com", "phone_number": "", "profile_picture": null, "is_verified": false, "role": "SUPER_ADMIN", "date_joined": "2026-07-15T08:51:43.257Z", "groups": [], "user_permissions": []}}, {"model": "accounts.customuser", "fields": {"password": "pbkdf2_sha256$1200000$uXGrFeRYgyuAkx3uA7aYSl$DE9Kor25SMxA1gNdhSj7ZTqqjIRnAkf6JTIaO7DLsAM=", "last_login": null, "is_superuser": false, "username": "testuser", "first_name": "Test", "last_name": "User", "is_staff": false, "is_active": true, "email": "test@parish.com", "phone_number": "", "profile_picture": null, "is_verified": false, "role": "MEMBER", "date_joined": "2026-07-15T10:51:36.321Z", "groups": [], "user_permissions": []}}, {"model": "accounts.customuser", "fields": {"password": "pbkdf2_sha256$1200000$U7m1iGePsNAjDDarPB0h7U$wgZsKVwSE29elFdJp4kgXiPH9LdvmF4NyDEMB8iNriU=", "last_login": null, "is_superuser": false, "username": "testuser123", "first_name": "Test", "last_name": "User", "is_staff": false, "is_active": true, "email": "test123@parish.com", "phone_number": "", "profile_picture": null, "is_verified": false, "role": "MEMBER", "date_joined": "2026-07-15T10:52:01.060Z", "groups": [], "user_permissions": []}}, {"model": "accounts.customuser", "fields": {"password": "pbkdf2_sha256$1200000$rkg1yAvwRdf4BHFOoPKdoN$qNJjFh35An33rzettTv6UTx4rgie3Js3KQOvOiFmJG0=", "last_login": null, "is_superuser": false, "username": "testuser2025", "first_name": "Test", "last_name": "User", "is_staff": false, "is_active": true, "email": "test2025@parish.com", "phone_number": "", "profile_picture": null, "is_verified": true, "role": "MEMBER", "date_joined": "2026-07-15T10:56:47.028Z", "groups": [], "user_permissions": []}}, {"model": "accounts.customuser", "fields": {"password": "pbkdf2_sha256$1200000$3NYUI59eWEWVdMSxNW9eoe$lyZr2Te0wQ5qOIAf1jG7AzAMTLVuR1vdeHwXX+8RRPM=", "last_login": null, "is_superuser": false, "username": "jnolly1", "first_name": "Ajukuu", "last_name": "Abel", "is_staff": false, "is_active": true, "email": "japhethanold2222@gmail.com", "phone_number": "Moi", "profile_picture": null, "is_verified": true, "role": "MEMBER", "date_joined": "2026-07-15T13:49:41.736Z", "groups": [], "user_permissions": []}}, {"model": "accounts.customuser", "fields": {"password": "pbkdf2_sha256$1200000$mIkX4mYrr1O8Z0zmkaC62c$8npNBbQMuLBXpJFPgkF+SQ9NStTmFWEBQUVE8L/7RRU=", "last_login": null, "is_superuser": false, "username": "testing", "first_name": "Anold", "last_name": "Amisi", "is_staff": false, "is_active": true, "email": "japhethanold03@gmail.com", "phone_number": "", "profile_picture": null, "is_verified": true, "role": "MEMBER", "date_joined": "2026-07-15T13:51:14.808Z", "groups": [], "user_permissions": []}}, {"model": "accounts.customuser", "fields": {"password": "pbkdf2_sha256$1200000$MIY2EACqCaXPGGigMDM4Bp$fA+UeShJSBCRRjUQtjEpWitJbqJoypfzYgVY4tLVfuI=", "last_login": null, "is_superuser": false, "username": "mikey", "first_name": "mike", "last_name": "onyango", "is_staff": false, "is_active": true, "email": "japhetharnold2@gmail.com", "phone_number": "0704345040", "profile_picture": null, "is_verified": true, "role": "MEMBER", "date_joined": "2026-07-15T20:03:53.594Z", "groups": [], "user_permissions": []}}, {"model": "accounts.customuser", "fields": {"password": "pbkdf2_sha256$1200000$9SVcrr9HLimKGzHL3qt8Zh$fyZfJLLjdJwFMduN7Lu4pqw0mowUqB7IdaxTF+LNr2Y=", "last_login": null, "is_superuser": true, "username": "admin3", "first_name": "Admin", "last_name": "User", "is_staff": true, "is_active": true, "email": "admin3@stmichael.com", "phone_number": "", "profile_picture": null, "is_verified": false, "role": "SUPER_ADMIN", "date_joined": "2026-07-15T21:39:28.104Z", "groups": [], "user_permissions": []}}, {"model": "accounts.customuser", "fields": {"password": "pbkdf2_sha256$1200000$nr37nqQyfiBiL0PUfzZVbj$yZ4gpixBm7tP/xbnTZKOEnXrN8+XuIJwzgiTJMZBzOY=", "last_login": null, "is_superuser": false, "username": "Junior", "first_name": "Ngao", "last_name": "Junior", "is_staff": false, "is_active": true, "email": "junior@gmail.com", "phone_number": "", "profile_picture": "image/upload/profiles/45b13233-eeac-4173-acbc-73806d67265d.jpeg", "is_verified": true, "role": "MEMBER", "date_joined": "2026-07-20T20:15:31.679Z", "groups": [], "user_permissions": []}}, {"model": "accounts.customuser", "fields": {"password": "pbkdf2_sha256$1200000$ZkI6wXxKS69kf6KnyTO7nw$epvof7Jss3XUdBAs4QxDoB+mYrQclB6qbYS6qaghRm4=", "last_login": null, "is_superuser": true, "username": "Japheth", "first_name": "Japheth", "last_name": "Arnold", "is_staff": true, "is_active": true, "email": "main@gmail.com", "phone_number": "", "profile_picture": null, "is_verified": false, "role": "SUPER_ADMIN", "date_joined": "2026-07-21T11:37:15.574Z", "groups": [], "user_permissions": []}}, {"model": "church.parishinformation", "pk": 1, "fields": {"parish_name": "MADENDE", "motto": "To  cleanse peoples heart", "history": "since 1970", "mission": "god helps", "vision": "love your neigbor", "address": "Eldoret", "phone": "0704345035", "alternative_phone": "", "email": "japhethanold03@gmail.com", "website": "https://kenya-airways-six.vercel.com", "facebook": "https://facebook.com", "youtube": "", "instagram": "", "twitter": "", "logo": "image/upload/church/logo/45b13233-eeac-4173-acbc-73806d67265d.jpeg", "about_image": "image/upload/church/about/roman.jpg", "created_at": "2026-07-15T09:29:53.537Z", "updated_at": "2026-07-15T09:29:53.537Z"}}, {"model": "church.herosection", "pk": 1, "fields": {"title": "Welcome to  Our Church", "subtitle": "St.Michael Madende Catholic Church", "background_image": "image/upload/church/hero/roman.jpg", "primary_button_text": "TODAY'S  READINGS", "primary_button_link": "#", "secondary_button_text": "LEARN MORE", "secondary_button_link": "/about", "is_active": true}}, {"model": "church.leadership", "pk": 1, "fields": {"name": "japheth Anold Dindi", "position": "chairman", "photo": "image/upload/church/leadership/45b13233-eeac-4173-acbc-73806d67265d.jpeg", "email": "japhethanold2@gmail.com", "phone": "0704345035", "message": "testing", "display_order": 1, "is_active": true}}, {"model": "church.massschedule", "pk": 1, "fields": {"day": "Monday", "service_name": "Morning", "language": "English", "start_time": "18:00:00", "end_time": "18:00:00", "notes": "Be pactual", "display_order": 1, "is_active": true}}, {"model": "church.massschedule", "pk": 2, "fields": {"day": "Tuesday", "service_name": "Morning", "language": "English", "start_time": "06:00:00", "end_time": "18:00:00", "notes": "purpose to attend", "display_order": 1, "is_active": true}}, {"model": "church.statistic", "pk": 1, "fields": {"title": "Christians", "value": 100, "icon": "Loading.....", "display_order": 1, "is_active": true}}, {"model": "church.saint", "pk": 1, "fields": {"name": "RUTH", "feast_day": "2026-07-15", "image": "image/upload/church/saints/45b13233-eeac-4173-acbc-73806d67265d.jpeg", "quote": "Helping the needy", "display_order": 1, "is_active": true}}, {"model": "events.event", "pk": 11, "fields": {"created_at": "2026-07-15T22:16:14.013Z", "updated_at": "2026-07-22T08:06:48.335Z", "is_active": true, "title": "Baptism of infants", "slug": "baptism-of-infants", "category": "BAPTISM", "description": "will be held at the church ground on 21st of july at 11pm , be panctual", "ministry": 1, "organizer": ["admin@gmail.com"], "venue": "Church Grounds", "start_date": "2026-07-15", "end_date": "2026-07-15", "start_time": "18:00:00", "end_time": "12:00:00", "registration_deadline": "2026-07-15T22:15:31Z", "banner": "image/upload/events/banners/baptism.jpeg", "thumbnail": "image/upload/events/thumbnails/baptism.jpeg", "capacity": 0, "registered_count": 0, "is_registration_required": false, "is_featured": true, "is_published": true, "status": "DRAFT", "livestream_url": "", "contact_person": "", "contact_phone": "", "contact_email": ""}}, {"model": "events.event", "pk": 12, "fields": {"created_at": "2026-07-15T22:17:53.347Z", "updated_at": "2026-07-22T08:07:12.267Z", "is_active": true, "title": "Choir competition", "slug": "choir-competition", "category": "CHOIR", "description": "Team from several subparishes will be presenting", "ministry": 2, "organizer": ["test2025@parish.com"], "venue": "Church Grounds", "start_date": "2026-07-15", "end_date": "2026-07-15", "start_time": "22:17:04", "end_time": "22:17:06", "registration_deadline": "2026-07-15T22:17:17Z", "banner": "image/upload/events/banners/choir1.jpeg", "thumbnail": "image/upload/events/thumbnails/choir1.jpeg", "capacity": 1, "registered_count": 0, "is_registration_required": false, "is_featured": true, "is_published": true, "status": "DRAFT", "livestream_url": "", "contact_person": "", "contact_phone": "", "contact_email": ""}}, {"model": "events.event", "pk": 13, "fields": {"created_at": "2026-07-15T22:18:20.363Z", "updated_at": "2026-07-22T08:02:05.845Z", "is_active": true, "title": "dancing competition", "slug": "dancing-competition", "category": "CHOIR", "description": "Team from several subparishes will be presenting", "ministry": 2, "organizer": ["test2025@parish.com"], "venue": "Church Grounds", "start_date": "2026-07-15", "end_date": "2026-07-15", "start_time": "22:17:04", "end_time": "22:17:06", "registration_deadline": "2026-07-15T22:17:17Z", "banner": "image/upload/events/banners/dancing.jpeg", "thumbnail": "image/upload/events/thumbnails/dancing.jpeg", "capacity": 1, "registered_count": 0, "is_registration_required": false, "is_featured": true, "is_published": true, "status": "DRAFT", "livestream_url": "", "contact_person": "", "contact_phone": "", "contact_email": ""}}, {"model": "events.event", "pk": 14, "fields": {"created_at": "2026-07-22T07:28:17.369Z", "updated_at": "2026-07-22T07:28:17.369Z", "is_active": true, "title": "Fundrasingn", "slug": "fundrasingn", "category": "GENERAL", "description": "Mini harambee for the cinstruction of Father house", "ministry": 1, "organizer": ["admin@gmail.com"], "venue": "Church Grounds", "start_date": "2026-07-22", "end_date": "2026-07-22", "start_time": "07:24:16", "end_time": "07:24:18", "registration_deadline": "2026-07-22T07:24:32Z", "banner": "image/upload/events/banners/harambe.jpeg", "thumbnail": "image/upload/events/thumbnails/harambe.jpeg", "capacity": 0, "registered_count": 0, "is_registration_required": true, "is_featured": true, "is_published": true, "status": "PUBLISHED", "livestream_url": "", "contact_person": "", "contact_phone": "", "contact_email": ""}}, {"model": "events.event", "pk": 15, "fields": {"created_at": "2026-07-22T07:30:53.084Z", "updated_at": "2026-07-22T07:30:53.085Z", "is_active": true, "title": "Visiting the old", "slug": "visiting-the-old", "category": "GENERAL", "description": "Visiting home of the old and giving them support", "ministry": 4, "organizer": ["junior@gmail.com"], "venue": "Home of old", "start_date": "2026-07-22", "end_date": "2026-07-22", "start_time": "07:29:03", "end_time": "07:29:05", "registration_deadline": "2026-07-22T07:29:28Z", "banner": "image/upload/events/banners/old.jpeg", "thumbnail": "image/upload/events/thumbnails/old.jpeg", "capacity": 0, "registered_count": 0, "is_registration_required": false, "is_featured": true, "is_published": true, "status": "PUBLISHED", "livestream_url": "", "contact_person": "", "contact_phone": "", "contact_email": ""}}, {"model": "events.event", "pk": 16, "fields": {"created_at": "2026-07-22T07:36:00.863Z", "updated_at": "2026-07-22T08:02:52.697Z", "is_active": true, "title": "Prayer for the departed souls", "slug": "prayer-for-the-departed-souls", "category": "GENERAL", "description": "there will be a mass for thedeparted souls.\r\nThose who wish to have prayer intentions for their beloved one to submit the names in an envelope before that day", "ministry": 3, "organizer": ["admin@gmail.com"], "venue": "Church", "start_date": "2026-07-22", "end_date": "2026-07-22", "start_time": "07:34:00", "end_time": "07:34:02", "registration_deadline": "2026-07-22T07:34:21Z", "banner": "image/upload/events/banners/departed.jpeg", "thumbnail": "image/upload/events/thumbnails/departed.jpeg", "capacity": 0, "registered_count": 0, "is_registration_required": false, "is_featured": true, "is_published": true, "status": "PUBLISHED", "livestream_url": "", "contact_person": "", "contact_phone": "", "contact_email": ""}}, {"model": "ministries.ministry", "pk": 1, "fields": {"created_at": "2026-07-15T09:41:13.765Z", "updated_at": "2026-07-15T09:41:13.765Z", "is_active": true, "category": "YOUTH", "name": "pmc", "slug": "pmc", "description": "Young children", "mission": "uniting the roman church", "patron_saint": "st. michael", "leader": ["admin@gmail.com"], "assistant_leader": ["admin@gmail.com"], "email": "japhethanold03@gmail.com", "phone": "0704345035", "meeting_day": "Friday", "meeting_time": "09:40:30", "meeting_location": "Church grounds", "banner": "image/upload/ministries/banners/keses.jpg", "color": "#0B5ED7", "is_featured": true}}, {"model": "ministries.ministry", "pk": 2, "fields": {"created_at": "2026-07-15T09:42:09.190Z", "updated_at": "2026-07-15T09:42:09.190Z", "is_active": true, "category": "CHARITY", "name": "RUTH ATSIEINO ODHIAMBO", "slug": "ruth-atsieino-odhiambo", "description": "qwertyui;'\\", "mission": "wrtyuiop'\\", "patron_saint": "st. michael", "leader": ["admin@gmail.com"], "assistant_leader": ["admin@gmail.com"], "email": "atienoruth2003@gmail.com", "phone": "0757220301", "meeting_day": "Friday", "meeting_time": "09:41:40", "meeting_location": "Church grounds", "banner": null, "color": "#0B5ED7", "is_featured": true}}, {"model": "ministries.ministry", "pk": 3, "fields": {"created_at": "2026-07-15T09:43:01.801Z", "updated_at": "2026-07-15T09:43:01.801Z", "is_active": true, "category": "SMALL_COMMUNITIES", "name": "Japheth Anold Dindi", "slug": "japheth-anold-dindi", "description": "wetyiop[]", "mission": "6542325465", "patron_saint": "", "leader": ["admin@gmail.com"], "assistant_leader": ["admin@gmail.com"], "email": "admin@gmail.com", "phone": "0704345035", "meeting_day": "Friday", "meeting_time": "09:42:38", "meeting_location": "Church grounds", "banner": "image/upload/ministries/banners/IMG_20260519_155616_497.jpg.jpeg", "color": "#0B5ED7", "is_featured": true}}, {"model": "ministries.ministry", "pk": 4, "fields": {"created_at": "2026-07-15T09:45:27.124Z", "updated_at": "2026-07-15T09:46:51.114Z", "is_active": true, "category": "LITURGICAL", "name": "japheth Anold Dind", "slug": "japheth-nold-Dind", "description": "ertyuiop[]", "mission": "567890-=]", "patron_saint": "wtyuiop[]", "leader": ["admin@gmail.com"], "assistant_leader": ["admin@gmail.com"], "email": "atienoruth2003@gmail.com", "phone": "0757220301", "meeting_day": "Friday", "meeting_time": "09:44:27", "meeting_location": "Church grounds", "banner": "image/upload/ministries/banners/captured_image.png", "color": "#0B5ED7", "is_featured": true}}, {"model": "ministries.ministry", "pk": 5, "fields": {"created_at": "2026-07-22T07:47:34.057Z", "updated_at": "2026-07-22T07:47:34.057Z", "is_active": true, "category": "YOUTH", "name": "CSA", "slug": "csa", "description": "Catholic students association", "mission": "support and empower young students to know God in their life", "patron_saint": "St. MIchael", "leader": ["japhethanold2222@gmail.com"], "assistant_leader": ["main@gmail.com"], "email": "japhethanold03@gmail.com", "phone": "0704345035", "meeting_day": "Friday", "meeting_time": "07:46:36", "meeting_location": "Church grounds", "banner": "image/upload/ministries/banners/csa.jpeg", "color": "#0B5ED7", "is_featured": true}}, {"model": "ministries.ministry", "pk": 6, "fields": {"created_at": "2026-07-22T07:50:12.433Z", "updated_at": "2026-07-22T07:50:12.434Z", "is_active": true, "category": "EVANGELIZATION", "name": "CLC", "slug": "clc", "description": "CLC stands for christian life community. ans association that encourages peolple to leave acfording to the way of God", "mission": "Calling more people to server the lord", "patron_saint": "st. Ignatius of loyola", "leader": ["test2025@parish.com"], "assistant_leader": null, "email": "japhethanold03@gmail.com", "phone": "0704345035", "meeting_day": "Friday", "meeting_time": "09:44:27", "meeting_location": "Church grounds", "banner": "image/upload/ministries/banners/clc.jpeg", "color": "#0B5ED7", "is_featured": true}}, {"model": "ministries.ministry", "pk": 7, "fields": {"created_at": "2026-07-22T07:52:43.973Z", "updated_at": "2026-07-22T07:52:43.973Z", "is_active": true, "category": "LITURGICAL", "name": "Liturgical dancers", "slug": "liturgical-dancers", "description": "mass dancers to help server God by cheering the mass", "mission": "serving god through dancing", "patron_saint": "", "leader": ["admin@gmail.com"], "assistant_leader": ["junior@gmail.com"], "email": "atienoruth2003@gmail.com", "phone": "0757220301", "meeting_day": "Friday", "meeting_time": "07:51:34", "meeting_location": "Church grounds", "banner": "image/upload/ministries/banners/liturgy.jpeg", "color": "#0B5ED7", "is_featured": true}}, {"model": "ministries.ministry", "pk": 8, "fields": {"created_at": "2026-07-22T07:55:43.351Z", "updated_at": "2026-07-22T07:55:43.351Z", "is_active": true, "category": "SMALL_COMMUNITIES", "name": "Charismatic", "slug": "charismatic", "description": "Praying and intercession", "mission": "Winning the devil through prayers and meditation", "patron_saint": "st. Jude", "leader": ["admin@gmail.com"], "assistant_leader": ["test@parish.com"], "email": "japhethanold2@gmail.com", "phone": "0704345035", "meeting_day": "Friday", "meeting_time": "07:53:49", "meeting_location": "Church grounds", "banner": "image/upload/ministries/banners/charismatic.jpeg", "color": "#0B5ED7", "is_featured": true}}, {"model": "sacraments.sacrament", "pk": "6adc1278-c80f-4700-97a8-3ae1f0829a21", "fields": {"created_at": "2026-07-15T14:10:58.539Z", "updated_at": "2026-07-22T08:10:58.888Z", "sacrament_type": "EUCHARIST", "name": "Holy Eucharist", "slug": "holy-eucharist", "short_description": "qwertyuiop[]]]]]]]]]]]]][poiuytrewwertyul;'''''';lkjhgfdsdfuiooyyu8uk7666666666tg7ppv", "description": "qwwwe56r76t87y980u9-i0o=-ppppppppppppppppppppppppppppppppppppppppppppppppppppp,kol-9u8y7tk7jhfyv55", "icon": "", "banner": "image/upload/sacraments/banners/eucharist.jpeg", "preparation_duration": "", "minimum_age": 0, "requires_booking": true, "requires_documents": false, "display_order": 0, "is_active": true}}, {"model": "sacraments.sacrament", "pk": "9c9d29fd-d14d-4f9d-bf68-7dcbd444ff88", "fields": {"created_at": "2026-07-15T14:08:51.781Z", "updated_at": "2026-07-22T08:08:49.358Z", "sacrament_type": "BAPTISM", "name": "Baptism", "slug": "baptism", "short_description": "", "description": "", "icon": "Loading.....", "banner": "image/upload/sacraments/banners/baptism.jpeg", "preparation_duration": "", "minimum_age": 0, "requires_booking": true, "requires_documents": false, "display_order": 0, "is_active": true}}, {"model": "sacraments.sacrament", "pk": "9fff5a5d-e90b-4bd0-925f-ff7ae21f0904", "fields": {"created_at": "2026-07-15T14:09:35.741Z", "updated_at": "2026-07-22T08:09:42.711Z", "sacrament_type": "CONFIRMATION", "name": "Confirmation", "slug": "confirmation", "short_description": "", "description": "", "icon": "", "banner": "image/upload/sacraments/banners/confirmation.jpeg", "preparation_duration": "5", "minimum_age": 3, "requires_booking": true, "requires_documents": true, "display_order": 0, "is_active": true}}, {"model": "gallery.album", "pk": 1, "fields": {"created_at": "2026-07-15T09:33:08.709Z", "updated_at": "2026-07-15T09:33:08.709Z", "is_active": true, "title": "PARISH-CHOIR", "slug": "parish-choir", "description": "Singing for God", "cover_image": "image/upload/gallery/albums/keses.jpg", "parish": 1, "created_by": ["admin@gmail.com"], "is_public": true}}, {"model": "gallery.album", "pk": 2, "fields": {"created_at": "2026-07-15T09:34:10.717Z", "updated_at": "2026-07-15T09:34:10.717Z", "is_active": true, "title": "Sub parish", "slug": "sub-parish", "description": "Competition", "cover_image": "image/upload/gallery/albums/airways.png", "parish": 1, "created_by": ["admin@gmail.com"], "is_public": true}}, {"model": "gallery.album", "pk": 3, "fields": {"created_at": "2026-07-22T07:38:50.928Z", "updated_at": "2026-07-22T07:38:50.928Z", "is_active": true, "title": "Wedding ceremonies", "slug": "wedding-ceremonies", "description": "Wedding of julius and julia", "cover_image": "image/upload/gallery/albums/wedding.webp", "parish": 1, "created_by": ["admin3@stmichael.com"], "is_public": true}}, {"model": "gallery.gallerymedia", "pk": 1, "fields": {"created_at": "2026-07-15T09:35:33.052Z", "updated_at": "2026-07-15T09:35:33.053Z", "is_active": true, "album": 2, "title": "Yesu wa Amani", "description": "Volume 1", "media_type": "IMAGE", "file": "gallery/media/airways.png", "thumbnail": "image/upload/gallery/thumbnails/airways.png", "duration": null, "uploaded_by": ["admin@gmail.com"], "is_featured": false}}, {"model": "gallery.gallerymedia", "pk": 2, "fields": {"created_at": "2026-07-15T09:36:32.651Z", "updated_at": "2026-07-15T09:36:32.651Z", "is_active": true, "album": 1, "title": "Mwamba wenye imara", "description": "Jesus Heals", "media_type": "IMAGE", "file": "gallery/media/roman.jpg", "thumbnail": "image/upload/gallery/thumbnails/roman.jpg", "duration": null, "uploaded_by": ["admin@gmail.com"], "is_featured": false}}, {"model": "gallery.gallerymedia", "pk": 3, "fields": {"created_at": "2026-07-15T09:37:18.958Z", "updated_at": "2026-07-15T09:37:18.958Z", "is_active": true, "album": 1, "title": "Lamb of God", "description": "Mass procession", "media_type": "IMAGE", "file": "gallery/media/keses.jpg", "thumbnail": "image/upload/gallery/thumbnails/keses.jpg", "duration": null, "uploaded_by": ["admin@gmail.com"], "is_featured": true}}, {"model": "gallery.gallerymedia", "pk": 4, "fields": {"created_at": "2026-07-15T09:38:23.959Z", "updated_at": "2026-07-15T09:38:23.959Z", "is_active": true, "album": 1, "title": "Mass procession", "description": "Mpende jirani", "media_type": "IMAGE", "file": "gallery/media/keses_oa2ZLJW.jpg", "thumbnail": "image/upload/gallery/thumbnails/kesses1.jpg", "duration": null, "uploaded_by": ["admin@gmail.com"], "is_featured": true}}, {"model": "gallery.gallerymedia", "pk": 5, "fields": {"created_at": "2026-07-22T07:41:36.823Z", "updated_at": "2026-07-22T07:41:36.824Z", "is_active": true, "album": 3, "title": "Julia and julius", "description": "matrimonial ceremony for the spouse of julia and julius performed on 30th dec 2022", "media_type": "IMAGE", "file": "gallery/media/harambe.jpeg", "thumbnail": "image/upload/gallery/thumbnails/wedding.webp", "duration": null, "uploaded_by": ["japhetharnold2@gmail.com"], "is_featured": true}}, {"model": "gallery.gallerymedia", "pk": 6, "fields": {"created_at": "2026-07-22T07:42:54.063Z", "updated_at": "2026-07-22T07:42:54.063Z", "is_active": true, "album": 1, "title": "Choir practice", "description": "", "media_type": "IMAGE", "file": "gallery/media/choir.jpeg", "thumbnail": "image/upload/gallery/thumbnails/choir.jpeg", "duration": null, "uploaded_by": ["main@gmail.com"], "is_featured": true}}, {"model": "gallery.gallerymedia", "pk": 7, "fields": {"created_at": "2026-07-22T07:44:37.327Z", "updated_at": "2026-07-22T07:44:37.327Z", "is_active": true, "album": 2, "title": "Burila", "description": "Burial of the late Barasa at his home karungu", "media_type": "IMAGE", "file": "gallery/media/burial.jpg", "thumbnail": "image/upload/gallery/thumbnails/burial.jpg", "duration": null, "uploaded_by": ["japhethanold03@gmail.com"], "is_featured": true}}, {"model": "contact.contactmessage", "pk": "2eb2479f-f3d0-4614-8551-0cbf61d14211", "fields": {"created_at": "2026-07-15T14:13:10.584Z", "updated_at": "2026-07-15T14:13:10.584Z", "is_active": true, "reference": "CNT-20260715-BE9039", "department": null, "full_name": "japheth Anold Dindi", "email": "japhethanold2@gmail.com", "phone": "0704345035", "subject": "congratulations", "message": "kindli i need baptism", "attachment": null, "status": "NEW", "priority": "NORMAL", "assigned_to": null, "response": "", "internal_notes": "", "is_read": false, "is_spam": false, "responded_at": null}}, {"model": "contact.faq", "pk": "894c86e8-0025-40ae-b786-7d04690c70eb", "fields": {"created_at": "2026-07-22T07:21:04.454Z", "updated_at": "2026-07-22T07:21:04.454Z", "is_active": true, "question": "Where is the parish located", "slug": "where-is-the-parish-located", "answer": "Busia kenya, along Bungoma-busia road opposite madende model dispensary", "category": "General", "display_order": 1, "is_featured": true, "is_published": true}}, {"model": "contact.faq", "pk": "ab6cfeaa-9866-4020-aab2-5d9ea8656f89", "fields": {"created_at": "2026-07-22T07:22:47.727Z", "updated_at": "2026-07-22T07:22:47.727Z", "is_active": true, "question": "Does the church has an ECD school", "slug": "does-the-church-has-an-ecd-school", "answer": "No but there are plan to construct a school and a mission hospital", "category": "General", "display_order": 1, "is_featured": true, "is_published": true}}, {"model": "contact.faq", "pk": "ec6e4525-b3ab-4501-839f-93cba22ffe01", "fields": {"created_at": "2026-07-22T07:21:52.975Z", "updated_at": "2026-07-22T07:21:52.975Z", "is_active": true, "question": "Who is the parish priest of madende parish", "slug": "who-is-the-parish-priest-of-madende-parish", "answer": "Reverend Harrison", "category": "General", "display_order": 1, "is_featured": true, "is_published": true}}, {"model": "token_blacklist.outstandingtoken", "pk": 1, "fields": {"user": ["test2025@parish.com"], "jti": "fbad695ee4d64aa59f49b32df2c943de", "token": "eyJhbGciOiJIUzI1NiIsInR5cCI6IkpXVCJ9.eyJ0b2tlbl90eXBlIjoicmVmcmVzaCIsImV4cCI6MTc4NDcxNzgyNiwiaWF0IjoxNzg0MTEzMDI2LCJqdGkiOiJmYmFkNjk1ZWU0ZDY0YWE1OWY0OWIzMmRmMmM5NDNkZSIsInVzZXJfaWQiOiI0In0.sH_XqFzVSYtyp3yrC3HrjbjeLk-ooKG7g2WG2aNlASA", "created_at": "2026-07-15T10:57:06.413Z", "expires_at": "2026-07-22T10:57:06Z"}}, {"model": "token_blacklist.outstandingtoken", "pk": 2, "fields": {"user": ["japhethanold03@gmail.com"], "jti": "8eec8f64830a499686da8ca0461a6c7b", "token": "eyJhbGciOiJIUzI1NiIsInR5cCI6IkpXVCJ9.eyJ0b2tlbl90eXBlIjoicmVmcmVzaCIsImV4cCI6MTc4NDcyODMxMCwiaWF0IjoxNzg0MTIzNTEwLCJqdGkiOiI4ZWVjOGY2NDgzMGE0OTk2ODZkYThjYTA0NjFhNmM3YiIsInVzZXJfaWQiOiI2In0.41wufoHab4oiuPomQRGg9mxiXXHnTgEiKS20LNgLAFM", "created_at": "2026-07-15T13:51:50.493Z", "expires_at": "2026-07-22T13:51:50Z"}}, {"model": "token_blacklist.outstandingtoken", "pk": 3, "fields": {"user": ["japhetharnold2@gmail.com"], "jti": "037b73bd29c94073bee41e3309b6bab8", "token": "eyJhbGciOiJIUzI1NiIsInR5cCI6IkpXVCJ9.eyJ0b2tlbl90eXBlIjoicmVmcmVzaCIsImV4cCI6MTc4NDc1MDY5OSwiaWF0IjoxNzg0MTQ1ODk5LCJqdGkiOiIwMzdiNzNiZDI5Yzk0MDczYmVlNDFlMzMwOWI2YmFiOCIsInVzZXJfaWQiOiI3In0.1q1xrFeaTszdvPfHJNJxeIGyA65lVy50_VpPtZ5cSjQ", "created_at": "2026-07-15T20:04:59.461Z", "expires_at": "2026-07-22T20:04:59Z"}}, {"model": "token_blacklist.outstandingtoken", "pk": 4, "fields": {"user": ["japhetharnold2@gmail.com"], "jti": "df059b704b4947b7b733383c5d30407c", "token": "eyJhbGciOiJIUzI1NiIsInR5cCI6IkpXVCJ9.eyJ0b2tlbl90eXBlIjoicmVmcmVzaCIsImV4cCI6MTc4NDc1MDczNywiaWF0IjoxNzg0MTQ1OTM3LCJqdGkiOiJkZjA1OWI3MDRiNDk0N2I3YjczMzM4M2M1ZDMwNDA3YyIsInVzZXJfaWQiOiI3In0.IM0kwgHzEf3RLTvJWGRjSfrjvuDBq-HHh95m3kLIpII", "created_at": "2026-07-15T20:05:37.100Z", "expires_at": "2026-07-22T20:05:37Z"}}, {"model": "token_blacklist.outstandingtoken", "pk": 5, "fields": {"user": ["japhetharnold2@gmail.com"], "jti": "d3efd61db4794a9bac86096c72b24c34", "token": "eyJhbGciOiJIUzI1NiIsInR5cCI6IkpXVCJ9.eyJ0b2tlbl90eXBlIjoicmVmcmVzaCIsImV4cCI6MTc4NDc1MTExNCwiaWF0IjoxNzg0MTQ2MzE0LCJqdGkiOiJkM2VmZDYxZGI0Nzk0YTliYWM4NjA5NmM3MmIyNGMzNCIsInVzZXJfaWQiOiI3In0.cwBPSb0BgXbpkLDg7cIawVCotOngb-54MlZCJ7ohcSw", "created_at": "2026-07-15T20:11:54.405Z", "expires_at": "2026-07-22T20:11:54Z"}}, {"model": "token_blacklist.outstandingtoken", "pk": 6, "fields": {"user": ["japhetharnold2@gmail.com"], "jti": "6ce90ae0af7748c89ed3ca0c38ac1cec", "token": "eyJhbGciOiJIUzI1NiIsInR5cCI6IkpXVCJ9.eyJ0b2tlbl90eXBlIjoicmVmcmVzaCIsImV4cCI6MTc4NDc1MTE3MiwiaWF0IjoxNzg0MTQ2MzcyLCJqdGkiOiI2Y2U5MGFlMGFmNzc0OGM4OWVkM2NhMGMzOGFjMWNlYyIsInVzZXJfaWQiOiI3In0.A4AnHb_okeRkTybi2eU6kpxzlI_BYPgxyA5yOpBVhoQ", "created_at": "2026-07-15T20:12:52.778Z", "expires_at": "2026-07-22T20:12:52Z"}}, {"model": "token_blacklist.outstandingtoken", "pk": 7, "fields": {"user": ["japhetharnold2@gmail.com"], "jti": "6d7393a64614449ab1e463eeb707e8d8", "token": "eyJhbGciOiJIUzI1NiIsInR5cCI6IkpXVCJ9.eyJ0b2tlbl90eXBlIjoicmVmcmVzaCIsImV4cCI6MTc4NDc1MTI2NywiaWF0IjoxNzg0MTQ2NDY3LCJqdGkiOiI2ZDczOTNhNjQ2MTQ0NDlhYjFlNDYzZWViNzA3ZThkOCIsInVzZXJfaWQiOiI3In0.zGhJAki36LxtseH4h3O7xgzq_hqlwvb_jniJzxuhpPc", "created_at": "2026-07-15T20:14:27.253Z", "expires_at": "2026-07-22T20:14:27Z"}}, {"model": "token_blacklist.outstandingtoken", "pk": 8, "fields": {"user": ["japhetharnold2@gmail.com"], "jti": "476c2b529bf946c5a2581929b94e1d57", "token": "eyJhbGciOiJIUzI1NiIsInR5cCI6IkpXVCJ9.eyJ0b2tlbl90eXBlIjoicmVmcmVzaCIsImV4cCI6MTc4NDc1MTMwMywiaWF0IjoxNzg0MTQ2NTAzLCJqdGkiOiI0NzZjMmI1MjliZjk0NmM1YTI1ODE5MjliOTRlMWQ1NyIsInVzZXJfaWQiOiI3In0.guO8lrBzAu7vC09e5qP-j1oxXpqbu8Endk_8O4YKlaw", "created_at": "2026-07-15T20:15:03.421Z", "expires_at": "2026-07-22T20:15:03Z"}}, {"model": "token_blacklist.outstandingtoken", "pk": 9, "fields": {"user": ["japhetharnold2@gmail.com"], "jti": "3f05ed2ac07842cb84364b5800c90e1f", "token": "eyJhbGciOiJIUzI1NiIsInR5cCI6IkpXVCJ9.eyJ0b2tlbl90eXBlIjoicmVmcmVzaCIsImV4cCI6MTc4NDc1MTM1NiwiaWF0IjoxNzg0MTQ2NTU2LCJqdGkiOiIzZjA1ZWQyYWMwNzg0MmNiODQzNjRiNTgwMGM5MGUxZiIsInVzZXJfaWQiOiI3In0.iCn7eGIJgjoiv3oDUqohivKS82tY6O_f-llt7rL4P8Y", "created_at": "2026-07-15T20:15:56.738Z", "expires_at": "2026-07-22T20:15:56Z"}}, {"model": "token_blacklist.outstandingtoken", "pk": 10, "fields": {"user": ["japhetharnold2@gmail.com"], "jti": "4ec7ae915e4e4f348bb0115a7c823c29", "token": "eyJhbGciOiJIUzI1NiIsInR5cCI6IkpXVCJ9.eyJ0b2tlbl90eXBlIjoicmVmcmVzaCIsImV4cCI6MTc4NDc1MjQ5OSwiaWF0IjoxNzg0MTQ3Njk5LCJqdGkiOiI0ZWM3YWU5MTVlNGU0ZjM0OGJiMDExNWE3YzgyM2MyOSIsInVzZXJfaWQiOiI3In0.XXPrW1pez-FWRC_AV1d_seVp3YBXfvl5lHsj18PxEOY", "created_at": "2026-07-15T20:34:59.723Z", "expires_at": "2026-07-22T20:34:59Z"}}, {"model": "token_blacklist.outstandingtoken", "pk": 11, "fields": {"user": ["japhetharnold2@gmail.com"], "jti": "6d1a1af6f3c448058b099a07d57d27be", "token": "eyJhbGciOiJIUzI1NiIsInR5cCI6IkpXVCJ9.eyJ0b2tlbl90eXBlIjoicmVmcmVzaCIsImV4cCI6MTc4NDc1Mjc3NCwiaWF0IjoxNzg0MTQ3OTc0LCJqdGkiOiI2ZDFhMWFmNmYzYzQ0ODA1OGIwOTlhMDdkNTdkMjdiZSIsInVzZXJfaWQiOiI3In0.KwuYfNa-nWQb2z-wVHsQveufQGjzd2BC8_0VNICj_PA", "created_at": "2026-07-15T20:39:34.704Z", "expires_at": "2026-07-22T20:39:34Z"}}, {"model": "token_blacklist.outstandingtoken", "pk": 12, "fields": {"user": ["japhetharnold2@gmail.com"], "jti": "30a49163c79641528bccadfdefad964f", "token": "eyJhbGciOiJIUzI1NiIsInR5cCI6IkpXVCJ9.eyJ0b2tlbl90eXBlIjoicmVmcmVzaCIsImV4cCI6MTc4NDc1NTI2MCwiaWF0IjoxNzg0MTUwNDYwLCJqdGkiOiIzMGE0OTE2M2M3OTY0MTUyOGJjY2FkZmRlZmFkOTY0ZiIsInVzZXJfaWQiOiI3In0.u-CzAK0YNPJCz6jMF4kgh2I8WwL1EWKsJI7xvkAoRYc", "created_at": "2026-07-15T21:21:00.044Z", "expires_at": "2026-07-22T21:21:00Z"}}, {"model": "token_blacklist.outstandingtoken", "pk": 13, "fields": {"user": ["admin@gmail.com"], "jti": "0bb39493ee4f4aefa78bff4e672b9f0b", "token": "eyJhbGciOiJIUzI1NiIsInR5cCI6IkpXVCJ9.eyJ0b2tlbl90eXBlIjoicmVmcmVzaCIsImV4cCI6MTc4NDc1NzY2NiwiaWF0IjoxNzg0MTUyODY2LCJqdGkiOiIwYmIzOTQ5M2VlNGY0YWVmYTc4YmZmNGU2NzJiOWYwYiIsInVzZXJfaWQiOiIxIn0.0emRMOack-ZhhCv6P0TxdrzTGuzaeMstTilSwRgvh0s", "created_at": "2026-07-15T22:01:06.447Z", "expires_at": "2026-07-22T22:01:06Z"}}, {"model": "token_blacklist.outstandingtoken", "pk": 14, "fields": {"user": ["admin@gmail.com"], "jti": "4deedfcf00b74f8ba4f5d08ddb10b900", "token": "eyJhbGciOiJIUzI1NiIsInR5cCI6IkpXVCJ9.eyJ0b2tlbl90eXBlIjoicmVmcmVzaCIsImV4cCI6MTc4NDc1NzgyMCwiaWF0IjoxNzg0MTUzMDIwLCJqdGkiOiI0ZGVlZGZjZjAwYjc0ZjhiYTRmNWQwOGRkYjEwYjkwMCIsInVzZXJfaWQiOiIxIn0.xmlBLBrneErDW-A2ftCeByuyf1ZZvsfPX6wQ4ENFFCU", "created_at": "2026-07-15T22:03:40.935Z", "expires_at": "2026-07-22T22:03:40Z"}}, {"model": "token_blacklist.outstandingtoken", "pk": 15, "fields": {"user": ["japhetharnold2@gmail.com"], "jti": "e9f6438ce1774f8a8f5ba1d15f8e78b5", "token": "eyJhbGciOiJIUzI1NiIsInR5cCI6IkpXVCJ9.eyJ0b2tlbl90eXBlIjoicmVmcmVzaCIsImV4cCI6MTc4NDc1NzkyNCwiaWF0IjoxNzg0MTUzMTI0LCJqdGkiOiJlOWY2NDM4Y2UxNzc0ZjhhOGY1YmExZDE1ZjhlNzhiNSIsInVzZXJfaWQiOiI3In0.DrRaMkfK0rNH3r1cpPumL-wo99SLMxybZpnXzKRRSh8", "created_at": "2026-07-15T22:05:24.504Z", "expires_at": "2026-07-22T22:05:24Z"}}, {"model": "token_blacklist.outstandingtoken", "pk": 16, "fields": {"user": ["japhetharnold2@gmail.com"], "jti": "90442d3d63cc4e628dfe2259ee371e8c", "token": "eyJhbGciOiJIUzI1NiIsInR5cCI6IkpXVCJ9.eyJ0b2tlbl90eXBlIjoicmVmcmVzaCIsImV4cCI6MTc4NDc5MTQ5NCwiaWF0IjoxNzg0MTg2Njk0LCJqdGkiOiI5MDQ0MmQzZDYzY2M0ZTYyOGRmZTIyNTllZTM3MWU4YyIsInVzZXJfaWQiOiI3In0.poXrTjhL7olL8sdkow6lGDKhGo5Jxiu8pJGj3wxBpmM", "created_at": "2026-07-16T07:24:54.671Z", "expires_at": "2026-07-23T07:24:54Z"}}, {"model": "token_blacklist.outstandingtoken", "pk": 17, "fields": {"user": ["japhetharnold2@gmail.com"], "jti": "8299045e768c4fe8ad0a060aac439844", "token": "eyJhbGciOiJIUzI1NiIsInR5cCI6IkpXVCJ9.eyJ0b2tlbl90eXBlIjoicmVmcmVzaCIsImV4cCI6MTc4NDgwODUzMSwiaWF0IjoxNzg0MjAzNzMxLCJqdGkiOiI4Mjk5MDQ1ZTc2OGM0ZmU4YWQwYTA2MGFhYzQzOTg0NCIsInVzZXJfaWQiOiI3In0.WDJhe1sdFAdYxOhji6D3B-SfFxp5sriUjdGMr-iAXLQ", "created_at": "2026-07-16T12:08:51.998Z", "expires_at": "2026-07-23T12:08:51Z"}}, {"model": "token_blacklist.outstandingtoken", "pk": 18, "fields": {"user": ["japhetharnold2@gmail.com"], "jti": "8acd788378f64667bd14d1b16a656c64", "token": "eyJhbGciOiJIUzI1NiIsInR5cCI6IkpXVCJ9.eyJ0b2tlbl90eXBlIjoicmVmcmVzaCIsImV4cCI6MTc4NTE3NzU2MywiaWF0IjoxNzg0NTcyNzYzLCJqdGkiOiI4YWNkNzg4Mzc4ZjY0NjY3YmQxNGQxYjE2YTY1NmM2NCIsInVzZXJfaWQiOiI3In0.d16Q05vX_1E8k0UdukCLBlmgxo04rwj-oGyekdVojvQ", "created_at": "2026-07-20T18:39:23.106Z", "expires_at": "2026-07-27T18:39:23Z"}}, {"model": "token_blacklist.outstandingtoken", "pk": 19, "fields": {"user": ["japhetharnold2@gmail.com"], "jti": "7d103bbaa69644febd89d2b442130e5a", "token": "eyJhbGciOiJIUzI1NiIsInR5cCI6IkpXVCJ9.eyJ0b2tlbl90eXBlIjoicmVmcmVzaCIsImV4cCI6MTc4NTE3NzU2NiwiaWF0IjoxNzg0NTcyNzY2LCJqdGkiOiI3ZDEwM2JiYWE2OTY0NGZlYmQ4OWQyYjQ0MjEzMGU1YSIsInVzZXJfaWQiOiI3In0.yOB1uB6-VdrRQ7uutGppE4LN8MOxqE7Fm7CraA5oXTc", "created_at": "2026-07-20T18:39:26.475Z", "expires_at": "2026-07-27T18:39:26Z"}}, {"model": "token_blacklist.outstandingtoken", "pk": 20, "fields": {"user": ["japhetharnold2@gmail.com"], "jti": "aee2137d6f59446987758cd1a4ea7d7c", "token": "eyJhbGciOiJIUzI1NiIsInR5cCI6IkpXVCJ9.eyJ0b2tlbl90eXBlIjoicmVmcmVzaCIsImV4cCI6MTc4NTE3ODQyMCwiaWF0IjoxNzg0NTczNjIwLCJqdGkiOiJhZWUyMTM3ZDZmNTk0NDY5ODc3NThjZDFhNGVhN2Q3YyIsInVzZXJfaWQiOiI3In0.6kF-uRj5VPf5crMJkRdgU9wwp8_qdQYr7KGrry__2Wk", "created_at": "2026-07-20T18:53:40.523Z", "expires_at": "2026-07-27T18:53:40Z"}}, {"model": "token_blacklist.outstandingtoken", "pk": 21, "fields": {"user": ["japhetharnold2@gmail.com"], "jti": "f656b98cef9a46f292f97995024f36b6", "token": "eyJhbGciOiJIUzI1NiIsInR5cCI6IkpXVCJ9.eyJ0b2tlbl90eXBlIjoicmVmcmVzaCIsImV4cCI6MTc4NTE3ODg4MiwiaWF0IjoxNzg0NTc0MDgyLCJqdGkiOiJmNjU2Yjk4Y2VmOWE0NmYyOTJmOTc5OTUwMjRmMzZiNiIsInVzZXJfaWQiOiI3In0.dSZYPeerdoNWeDVVg3G6ngl0mk9jPXFmbbTenN8Hwjs", "created_at": "2026-07-20T19:01:22.091Z", "expires_at": "2026-07-27T19:01:22Z"}}, {"model": "token_blacklist.outstandingtoken", "pk": 22, "fields": {"user": ["japhetharnold2@gmail.com"], "jti": "5942a3b9eaf1493fb57c33f134d1e06e", "token": "eyJhbGciOiJIUzI1NiIsInR5cCI6IkpXVCJ9.eyJ0b2tlbl90eXBlIjoicmVmcmVzaCIsImV4cCI6MTc4NTE3OTIyNCwiaWF0IjoxNzg0NTc0NDI0LCJqdGkiOiI1OTQyYTNiOWVhZjE0OTNmYjU3YzMzZjEzNGQxZTA2ZSIsInVzZXJfaWQiOiI3In0.EmMmwQxPYNe2w3Uhfx-nNzEei6tVAUbTD3hJUSw9uH0", "created_at": "2026-07-20T19:07:04.026Z", "expires_at": "2026-07-27T19:07:04Z"}}, {"model": "token_blacklist.outstandingtoken", "pk": 23, "fields": {"user": ["japhetharnold2@gmail.com"], "jti": "385628541b794dee834f2fd636987015", "token": "eyJhbGciOiJIUzI1NiIsInR5cCI6IkpXVCJ9.eyJ0b2tlbl90eXBlIjoicmVmcmVzaCIsImV4cCI6MTc4NTE4MTgwNiwiaWF0IjoxNzg0NTc3MDA2LCJqdGkiOiIzODU2Mjg1NDFiNzk0ZGVlODM0ZjJmZDYzNjk4NzAxNSIsInVzZXJfaWQiOiI3In0.aEC00ZtZ80Gzf14gH7d6EskfiGoHchZhOHurhQoxEHI", "created_at": "2026-07-20T19:50:06.973Z", "expires_at": "2026-07-27T19:50:06Z"}}, {"model": "token_blacklist.outstandingtoken", "pk": 24, "fields": {"user": ["japhetharnold2@gmail.com"], "jti": "475fb18f270b46af87c52dd4a486e66f", "token": "eyJhbGciOiJIUzI1NiIsInR5cCI6IkpXVCJ9.eyJ0b2tlbl90eXBlIjoicmVmcmVzaCIsImV4cCI6MTc4NTE4MzIxOSwiaWF0IjoxNzg0NTc4NDE5LCJqdGkiOiI0NzVmYjE4ZjI3MGI0NmFmODdjNTJkZDRhNDg2ZTY2ZiIsInVzZXJfaWQiOiI3In0.lnQu4nkXnhd5y5y8MmJt9adeld8euUJmY_8IVjLijrc", "created_at": "2026-07-20T20:13:39.060Z", "expires_at": "2026-07-27T20:13:39Z"}}, {"model": "token_blacklist.outstandingtoken", "pk": 25, "fields": {"user": ["japhetharnold2@gmail.com"], "jti": "bb9581b1b275413286793cd83b566f18", "token": "eyJhbGciOiJIUzI1NiIsInR5cCI6IkpXVCJ9.eyJ0b2tlbl90eXBlIjoicmVmcmVzaCIsImV4cCI6MTc4NTE4MzIzNSwiaWF0IjoxNzg0NTc4NDM1LCJqdGkiOiJiYjk1ODFiMWIyNzU0MTMyODY3OTNjZDgzYjU2NmYxOCIsInVzZXJfaWQiOiI3In0.GolC_SBcrdqewOpWBhD2e3PRRXeBsIvv9j3if84req8", "created_at": "2026-07-20T20:13:55.948Z", "expires_at": "2026-07-27T20:13:55Z"}}, {"model": "token_blacklist.outstandingtoken", "pk": 26, "fields": {"user": ["junior@gmail.com"], "jti": "dd54f9fca0c44f8ca0c53a437f8d1909", "token": "eyJhbGciOiJIUzI1NiIsInR5cCI6IkpXVCJ9.eyJ0b2tlbl90eXBlIjoicmVmcmVzaCIsImV4cCI6MTc4NTE4MzM2NywiaWF0IjoxNzg0NTc4NTY3LCJqdGkiOiJkZDU0ZjlmY2EwYzQ0ZjhjYTBjNTNhNDM3ZjhkMTkwOSIsInVzZXJfaWQiOiI5In0.M0_rF2bR1x5ndVu56gbSxd4Ktm0smFgUwBojEVNtvwo", "created_at": "2026-07-20T20:16:07.436Z", "expires_at": "2026-07-27T20:16:07Z"}}, {"model": "token_blacklist.outstandingtoken", "pk": 27, "fields": {"user": ["junior@gmail.com"], "jti": "c7b158c06f744fada17378ee8d3910de", "token": "eyJhbGciOiJIUzI1NiIsInR5cCI6IkpXVCJ9.eyJ0b2tlbl90eXBlIjoicmVmcmVzaCIsImV4cCI6MTc4NTE4NDU5MSwiaWF0IjoxNzg0NTc5NzkxLCJqdGkiOiJjN2IxNThjMDZmNzQ0ZmFkYTE3Mzc4ZWU4ZDM5MTBkZSIsInVzZXJfaWQiOiI5In0.IDDn_EBa3iaGBQ9d04RE4GdYmqH4mdALIDwBHS1EOOs", "created_at": "2026-07-20T20:36:31.326Z", "expires_at": "2026-07-27T20:36:31Z"}}, {"model": "token_blacklist.outstandingtoken", "pk": 28, "fields": {"user": ["admin@gmail.com"], "jti": "71227ac9176b46b3b6378dfc499c0398", "token": "eyJhbGciOiJIUzI1NiIsInR5cCI6IkpXVCJ9.eyJ0b2tlbl90eXBlIjoicmVmcmVzaCIsImV4cCI6MTc4NTIzODE5MywiaWF0IjoxNzg0NjMzMzkzLCJqdGkiOiI3MTIyN2FjOTE3NmI0NmIzYjYzNzhkZmM0OTljMDM5OCIsInVzZXJfaWQiOiIxIn0.j0zmfnsQmj53-SM0Jo2rWiw5XU-0zghDs_sO5bh6Wbg", "created_at": "2026-07-21T11:29:53.511Z", "expires_at": "2026-07-28T11:29:53Z"}}, {"model": "token_blacklist.outstandingtoken", "pk": 29, "fields": {"user": ["main@gmail.com"], "jti": "df62f33038484cc39f0a5b03efbcf7cc", "token": "eyJhbGciOiJIUzI1NiIsInR5cCI6IkpXVCJ9.eyJ0b2tlbl90eXBlIjoicmVmcmVzaCIsImV4cCI6MTc4NTIzODg4MiwiaWF0IjoxNzg0NjM0MDgyLCJqdGkiOiJkZjYyZjMzMDM4NDg0Y2MzOWYwYTViMDNlZmJjZjdjYyIsInVzZXJfaWQiOiIxMCJ9.-BBI9dsvDI7PbVknjNTmrzKR5jX1LNggypHNZNqls6I", "created_at": "2026-07-21T11:41:22.675Z", "expires_at": "2026-07-28T11:41:22Z"}}, {"model": "token_blacklist.outstandingtoken", "pk": 30, "fields": {"user": ["main@gmail.com"], "jti": "d4dd8286d95d4ed4b36cf8f5560f81ab", "token": "eyJhbGciOiJIUzI1NiIsInR5cCI6IkpXVCJ9.eyJ0b2tlbl90eXBlIjoicmVmcmVzaCIsImV4cCI6MTc4NTIzODk1NywiaWF0IjoxNzg0NjM0MTU3LCJqdGkiOiJkNGRkODI4NmQ5NWQ0ZWQ0YjM2Y2Y4ZjU1NjBmODFhYiIsInVzZXJfaWQiOiIxMCJ9.K_dCOtJk2PjNbLhv7MTHBgzithMmoW78LTirL5iH68A", "created_at": "2026-07-21T11:42:37.019Z", "expires_at": "2026-07-28T11:42:37Z"}}, {"model": "token_blacklist.outstandingtoken", "pk": 31, "fields": {"user": ["main@gmail.com"], "jti": "08bc5cb86f624d6698c658f416a13c28", "token": "eyJhbGciOiJIUzI1NiIsInR5cCI6IkpXVCJ9.eyJ0b2tlbl90eXBlIjoicmVmcmVzaCIsImV4cCI6MTc4NTIzOTE1NCwiaWF0IjoxNzg0NjM0MzU0LCJqdGkiOiIwOGJjNWNiODZmNjI0ZDY2OThjNjU4ZjQxNmExM2MyOCIsInVzZXJfaWQiOiIxMCJ9.faucJrF6XNaNZF_D8aV1z66hEHAHlctMKMw5dPXjOk0", "created_at": "2026-07-21T11:45:54.773Z", "expires_at": "2026-07-28T11:45:54Z"}}]
